{"cameraMode":{"drawMode":0,"name":"Shaded","section":"Shading Mode"},"sceneLighting":true,"audioPlay":false,"sceneViewState":{"showFog":true,"showMaterialUpdate":false,"showSkybox":true,"showFlares":true,"showImageEffects":true,"showParticleSystems":true},"in2DMode":false,"pivot":{"x":-4.467108249664307,"y":0.7634053230285645,"z":1.559999942779541},"rotation":{"x":-0.1157178282737732,"y":-0.1307174563407898,"z":0.015364146791398526,"w":-0.984523355960846},"size":6.96231746673584,"orthographic":true}