{"cameraMode":{"drawMode":0,"name":"Shaded","section":"Shading Mode"},"sceneLighting":true,"audioPlay":false,"sceneViewState":{"showFog":true,"showMaterialUpdate":false,"showSkybox":true,"showFlares":true,"showImageEffects":true,"showParticleSystems":true},"in2DMode":false,"pivot":{"x":5.4836835861206059,"y":-2.092329502105713,"z":4.896146297454834},"rotation":{"x":-0.1157178282737732,"y":-0.1307174563407898,"z":0.015364146791398526,"w":-0.984523355960846},"size":3.058732509613037,"orthographic":true}