{"cameraMode":{"drawMode":0,"name":"Shaded","section":"Shading Mode"},"sceneLighting":true,"audioPlay":false,"sceneViewState":{"showFog":true,"showMaterialUpdate":false,"showSkybox":true,"showFlares":true,"showImageEffects":true,"showParticleSystems":true},"in2DMode":false,"pivot":{"x":-3.299811840057373,"y":-0.5176199674606323,"z":2.588834524154663},"rotation":{"x":0.6600694060325623,"y":0.0004726997867692262,"z":-0.0003944563795812428,"w":0.7512044310569763},"size":35.68613815307617,"orthographic":false}